{
    "username":"instagramusername",
    "password":"instagrampassword",
    "follow_timeout":0,
    "unfollow_timeout":0,
    "followbot_option":1,
    "followbot_timeout":0,
    "like_timeout":0,
    "unlike_timeout":0,
    "likebot_option":1,
    "likebot_timeout":0,
    "comment_timeout":0,
    "download_videos_or_images_timeout":0,
    "download_videos_or_images_option":1,
    "download_avatars_timeout":0,
    "download_avatars_option":1,
    "username_checker_use_proxies":false,
    "username_checker_timeout":0,
    "account_checker_use_proxies":false,
    "account_checker_timeout":0
}